,capacity,max_profit,max_weight,min_profit,min_weight,num,relation,sum_p,sum_w,target
count,500.0,500.0,500.0,500.0,500.0,500.0,500.0,500.0,500.0,500.0
mean,12798.422,1002.97,1012.928,39.73,40.582,50.0,1.007533453501203,25853.824,25862.932,2.2
std,1349.8258686465208,43.39169019011716,45.52889826422674,44.02073090600607,43.913461035543996,0.0,0.1274423090175052,2726.7358011517294,2701.6914503254293,1.7221881034682172
min,10145.0,907.0,924.0,1.0,1.0,50.0,0.7294894060437652,20494.0,21119.0,0.0
25%,11811.0,980.0,982.75,9.0,9.0,50.0,0.9328857442888636,23859.75,23884.0,1.0
50%,12609.0,993.0,997.0,20.0,20.0,50.0,1.0,25472.0,25356.5,2.0
75%,13645.5,999.0,1052.25,62.0,59.75,50.0,1.0729343400070142,27565.0,27630.5,3.0
max,16836.0,1100.0,1100.0,186.0,186.0,50.0,1.237802571860817,34010.0,34010.0,5.0
