,capacity,max_profit,max_weight,min_profit,min_weight,num,relation,sum_p,sum_w,target
count,2000.0,2000.0,2000.0,2000.0,2000.0,2000.0,2000.0,2000.0,2000.0,2000.0
mean,0.32954929326489435,0.012043518173058952,0.012188300016351445,0.0003943324775923989,0.0004081214488916229,0.001290541989349293,1.2039010317981071e-05,0.6657016702178644,0.6664822871680701,2.2
std,0.017756336246351846,0.008919460042249994,0.0090310998364413,0.0007012746879169378,0.0007176007767164273,8.676451649273908e-05,9.15158400691221e-06,0.03586780704487517,0.04452275749157778,1.7208953310327113
min,0.2798804176960109,0.002307060113141388,0.0022644083009096773,2.311683480101591e-06,2.26894619329627e-06,0.0010369498124245796,1.9451707930781717e-06,0.5653600589065713,0.580162017553989,0.0
25%,0.3240428861254502,0.004871346510524027,0.004848075337937959,1.3576736357651046e-05,1.3796668768577093e-05,0.0012212278668418657,4.300170943055999e-06,0.6545796040592979,0.6497144784862551,1.0
50%,0.3303279580928738,0.008866505992487811,0.009023146373968186,9.201739038725258e-05,9.62063798633639e-05,0.001299444367221808,8.418672110862835e-06,0.6672780924917641,0.667368409276605,2.0
75%,0.33716917457775897,0.016490799080419793,0.017347917006224893,0.0003904066805722039,0.00041984796189153885,0.0013505172775836497,1.6757232175243274e-05,0.6810959387453203,0.6825167248475177,3.0
max,0.3612738730089354,0.03157052168386854,0.0336830693701239,0.004583537954735469,0.0046783469962409655,0.001578526084193427,3.433276755071888e-05,0.7297891770610706,0.775007908576335,5.0
