,capacity,max_profit,max_weight,min_profit,min_weight,num,relation,sum_p,sum_w,target
count,1300.0,1300.0,1300.0,1300.0,1300.0,1300.0,1300.0,1300.0,1300.0,1300.0
mean,200587.29076923078,8526.276153846155,2557.0046153846156,7720.543076923077,92.55307692307693,50.0,16.3517498866373,405187.7238461538,64538.36384615384,6.0
std,657253.5100140783,26445.56893001596,5249.734952360221,26649.476929160075,155.19439581025523,0.0,53.89881094430956,1327651.9680743436,133147.17699613154,3.7430973165508443
min,172.0,30.0,70.0,0.0,0.0,50.0,0.017747858017135864,348.0,956.0,0.0
25%,10739.75,942.0,981.0,10.0,13.0,50.0,0.691971196117708,21695.0,23589.0,3.0
50%,12087.0,985.0,1000.0,20.0,41.0,50.0,0.9387036222779299,24416.0,26359.5,6.0
75%,13275.0,998.0,1174.0,45.0,119.0,50.0,1.0180225195681434,26817.0,31917.5,9.0
max,2476727.0,100100.0,21071.0,100008.0,1812.0,50.0,236.8713954259198,5002990.0,611257.0,12.0
